{"Codi_Districte":1,"Renda_bruta_llar":29704.4074074074,"any":2015.0}
{"Codi_Districte":2,"Renda_bruta_llar":50639.4277456647,"any":2015.0}
{"Codi_Districte":3,"Renda_bruta_llar":37805.5128205128,"any":2015.0}
{"Codi_Districte":4,"Renda_bruta_llar":63870.8947368421,"any":2015.0}
{"Codi_Districte":5,"Renda_bruta_llar":83389.0204081633,"any":2015.0}
{"Codi_Districte":6,"Renda_bruta_llar":47184.4827586207,"any":2015.0}
{"Codi_Districte":7,"Renda_bruta_llar":39061.4390243902,"any":2015.0}
{"Codi_Districte":8,"Renda_bruta_llar":31981.7008547009,"any":2015.0}
{"Codi_Districte":9,"Renda_bruta_llar":39514.2421052632,"any":2015.0}
{"Codi_Districte":10,"Renda_bruta_llar":41066.8027210884,"any":2015.0}
{"Codi_Districte":1,"Renda_bruta_llar":30460.5,"any":2016.0}
{"Codi_Districte":2,"Renda_bruta_llar":51830.7976878613,"any":2016.0}
{"Codi_Districte":3,"Renda_bruta_llar":38447.2735042735,"any":2016.0}
{"Codi_Districte":4,"Renda_bruta_llar":66178.3859649123,"any":2016.0}
{"Codi_Districte":5,"Renda_bruta_llar":86621.5,"any":2016.0}
{"Codi_Districte":6,"Renda_bruta_llar":47826.3908045977,"any":2016.0}
{"Codi_Districte":7,"Renda_bruta_llar":39940.4715447154,"any":2016.0}
{"Codi_Districte":8,"Renda_bruta_llar":32555.264957265,"any":2016.0}
{"Codi_Districte":9,"Renda_bruta_llar":40409.3789473684,"any":2016.0}
{"Codi_Districte":10,"Renda_bruta_llar":42185.7210884354,"any":2016.0}
{"Codi_Districte":1,"Renda_bruta_llar":31241.2407407407,"any":2017.0}
{"Codi_Districte":2,"Renda_bruta_llar":52958.3005780347,"any":2017.0}
{"Codi_Districte":3,"Renda_bruta_llar":39298.7179487179,"any":2017.0}
{"Codi_Districte":4,"Renda_bruta_llar":67278.9649122807,"any":2017.0}
{"Codi_Districte":5,"Renda_bruta_llar":89312.5408163265,"any":2017.0}
{"Codi_Districte":6,"Renda_bruta_llar":49011.5402298851,"any":2017.0}
{"Codi_Districte":7,"Renda_bruta_llar":40668.4552845528,"any":2017.0}
{"Codi_Districte":8,"Renda_bruta_llar":33064.3076923077,"any":2017.0}
{"Codi_Districte":9,"Renda_bruta_llar":41219.8421052632,"any":2017.0}
{"Codi_Districte":10,"Renda_bruta_llar":43136.0272108844,"any":2017.0}
{"Codi_Districte":1,"Renda_bruta_llar":32955.9444444444,"any":2018.0}
{"Codi_Districte":2,"Renda_bruta_llar":55227.1387283237,"any":2018.0}
{"Codi_Districte":3,"Renda_bruta_llar":41099.8974358974,"any":2018.0}
{"Codi_Districte":4,"Renda_bruta_llar":70681.1403508772,"any":2018.0}
{"Codi_Districte":5,"Renda_bruta_llar":96128.5714285714,"any":2018.0}
{"Codi_Districte":6,"Renda_bruta_llar":51130.4137931034,"any":2018.0}
{"Codi_Districte":7,"Renda_bruta_llar":42258.674796748,"any":2018.0}
{"Codi_Districte":8,"Renda_bruta_llar":34563.7948717949,"any":2018.0}
{"Codi_Districte":9,"Renda_bruta_llar":43025.6210526316,"any":2018.0}
{"Codi_Districte":10,"Renda_bruta_llar":44896.6462585034,"any":2018.0}
{"Codi_Districte":1,"Renda_bruta_llar":34707.462962963,"any":2019.0}
{"Codi_Districte":2,"Renda_bruta_llar":57735.612716763,"any":2019.0}
{"Codi_Districte":3,"Renda_bruta_llar":43075.9230769231,"any":2019.0}
{"Codi_Districte":4,"Renda_bruta_llar":72379.0350877193,"any":2019.0}
{"Codi_Districte":5,"Renda_bruta_llar":97269.1836734694,"any":2019.0}
{"Codi_Districte":6,"Renda_bruta_llar":53558.2183908046,"any":2019.0}
{"Codi_Districte":7,"Renda_bruta_llar":44032.2845528455,"any":2019.0}
{"Codi_Districte":8,"Renda_bruta_llar":36016.5384615385,"any":2019.0}
{"Codi_Districte":9,"Renda_bruta_llar":44739.6421052632,"any":2019.0}
{"Codi_Districte":10,"Renda_bruta_llar":46798.7891156463,"any":2019.0}
{"Codi_Districte":1,"Renda_bruta_llar":33341.5925925926,"any":2020.0}
{"Codi_Districte":2,"Renda_bruta_llar":56809.3179190751,"any":2020.0}
{"Codi_Districte":3,"Renda_bruta_llar":42774.7264957265,"any":2020.0}
{"Codi_Districte":4,"Renda_bruta_llar":71075.3684210526,"any":2020.0}
{"Codi_Districte":5,"Renda_bruta_llar":93890.7755102041,"any":2020.0}
{"Codi_Districte":6,"Renda_bruta_llar":53206.091954023,"any":2020.0}
{"Codi_Districte":7,"Renda_bruta_llar":43977.0325203252,"any":2020.0}
{"Codi_Districte":8,"Renda_bruta_llar":35796.4615384615,"any":2020.0}
{"Codi_Districte":9,"Renda_bruta_llar":44825.2105263158,"any":2020.0}
{"Codi_Districte":10,"Renda_bruta_llar":46714.7551020408,"any":2020.0}
{"Codi_Districte":1,"Renda_bruta_llar":35253.3333333333,"any":2021.0}
{"Codi_Districte":2,"Renda_bruta_llar":59030.0867052023,"any":2021.0}
{"Codi_Districte":3,"Renda_bruta_llar":44618.8034188034,"any":2021.0}
{"Codi_Districte":4,"Renda_bruta_llar":73573.9298245614,"any":2021.0}
{"Codi_Districte":5,"Renda_bruta_llar":97608.9387755102,"any":2021.0}
{"Codi_Districte":6,"Renda_bruta_llar":55474.3333333333,"any":2021.0}
{"Codi_Districte":7,"Renda_bruta_llar":45756.9918699187,"any":2021.0}
{"Codi_Districte":8,"Renda_bruta_llar":37250.9572649573,"any":2021.0}
{"Codi_Districte":9,"Renda_bruta_llar":46534.1894736842,"any":2021.0}
{"Codi_Districte":10,"Renda_bruta_llar":48792.6666666667,"any":2021.0}
